part,qty per speaker,qty for a pair,width mm,height mm,thickness mm,material,operations,note
front-baffle,1,2,220.0,484.0,18,"Baltic birch plywood, B/BB, 18 mm nominal: measure the sheet first (sheet 7, M1)",cut inside; pocket 3 mm deep; pocket 10.5 mm deep (woofer); drill ø5.5 through (M4 T-nuts from inside; measure the frame first),"outer face up; round the two vertical outer edges 4 mm after glue-up; cutouts and rebates sized for woofer sb17nrx2c35-8, tweeter d3004-602200 (flush under trim rings): re-cut for other drivers"
back-panel,1,2,220.0,484.0,18,"Baltic birch plywood, B/BB, 18 mm nominal: measure the sheet first (sheet 7, M1)",cut inside; pocket 3 mm deep; pocket 4.5 mm deep (amplifier plate),"outer face up (seen from behind); round the two vertical outer edges 4 mm after glue-up; the Hypex FusionAmp FA122's module goes through its 96 x 293 cutout, its plate on 3 mm EPDM tape flush in the 4.5 mm rebate; the cut-out's corners R3 (a 6 mm cutter or smaller); the plate's screw holes drilled ø3.5 through the 13.5 left under the rebate, from the plate in hand, centred in its flange; the Facts go on the right side"
side,2,4,184.0,484.0,18,"Baltic birch plywood, B/BB, 18 mm nominal: measure the sheet first (sheet 7, M1)",pocket 3 mm deep,outer face up; finish the groove across the front and back panels' edges after glue-up; the Facts are printed on the right side's outer face
top-panel,1,2,184.0,184.0,18,"Baltic birch plywood, B/BB, 18 mm nominal: measure the sheet first (sheet 7, M1)","cut inside; drill ø10, 10 deep",upper face up (front edge at the bottom of the drawing); dowels register the gable block; the tweeter cable's hole is sealed with silicone from the bay after wiring
bottom-panel,1,2,184.0,184.0,18,"Baltic birch plywood, B/BB, 18 mm nominal: measure the sheet first (sheet 7, M1)",outline only,either face
amp-box-floor,1,2,184.0,88.0,18,"Baltic birch plywood, B/BB, 18 mm nominal: measure the sheet first (sheet 7, M1)",outline only,"the amplifier box's floor, z 60.5 to 78.5, against the back"
amp-box-lid,1,2,184.0,88.0,18,"Baltic birch plywood, B/BB, 18 mm nominal: measure the sheet first (sheet 7, M1)","cut inside; pocket 8 mm deep from the underside, concentric with each gland's hole (cut the holes, turn the panel over, centre on them; before the lid goes in)","the amplifier box's lid, z 391.5 to 409.5, its front edge (the bottom of the drawing) over the box's front; 2 ø16.5 holes for M16 x 1.5 glands, one per cable, 144, 109 from the left, 43 from the front edge, each nut in a ø24 x 8 counterbore from the underside"
amp-box-front,1,2,184.0,313.0,18,"Baltic birch plywood, B/BB, 18 mm nominal: measure the sheet first (sheet 7, M1)",outline only,"the amplifier box's front, between floor and lid, 70 in front of the back's inner face; glue and seal all round"
gable-layer-01,1,2,228.0,228.0,18,"Baltic birch plywood, B/BB, 18 mm nominal: measure the sheet first (sheet 7, M1)",outline only,"gable glue-up, layer 1 of 7 (z 484 to 502); centre on y = 110"
gable-layer-02,1,2,228.0,181.2,18,"Baltic birch plywood, B/BB, 18 mm nominal: measure the sheet first (sheet 7, M1)",outline only,"gable glue-up, layer 2 of 7 (z 502 to 520); centre on y = 110"
gable-layer-03,1,2,228.0,134.4,18,"Baltic birch plywood, B/BB, 18 mm nominal: measure the sheet first (sheet 7, M1)",outline only,"gable glue-up, layer 3 of 7 (z 520 to 538); centre on y = 110"
gable-layer-04,1,2,228.0,87.6,18,"Baltic birch plywood, B/BB, 18 mm nominal: measure the sheet first (sheet 7, M1)",outline only,"gable glue-up, layer 4 of 7 (z 538 to 556); centre on y = 110"
gable-layer-05,1,2,228.0,40.8,18,"Baltic birch plywood, B/BB, 18 mm nominal: measure the sheet first (sheet 7, M1)",outline only,"gable glue-up, layer 5 of 7 (z 556 to 574); centre on y = 110"
gable-layer-06,1,2,228.0,14.0,18,"Baltic birch plywood, B/BB, 18 mm nominal: measure the sheet first (sheet 7, M1)",outline only,"gable glue-up, layer 6 of 7 (z 574 to 592); centre on y = 110"
gable-layer-07,1,2,228.0,14.0,18,"Baltic birch plywood, B/BB, 18 mm nominal: measure the sheet first (sheet 7, M1)",outline only,"gable glue-up, layer 7 of 7 (z 592 to 610); centre on y = 110"
