group,item,size,for a pair,unit price USD,source,status,note
Electronics,"Hypex FusionAmp FA253 plate amplifier: 3 channels (250 + 250 + 100 W into 4 ohm), DSP crossover and EQ, mains in",floorstander,2,647 (EUR 649),"Parts Express (US), Hypex direct (EU)",researched,"Lies on its side across the back's foot, flush in a 4.5 mm rebate on 3 mm EPDM tape; the module sits in its own sealed box (fab/out/drawings sheet 4). Load the crossover with Hypex Filter Design over USB (fab/out/dsp/floorstander.md)."
Electronics,"Hypex FusionAmp FA122 plate amplifier: 2 channels (2 x 125 W into 4 ohm), DSP crossover and EQ, mains in",bookshelf,2,422 (EUR 429),"Parts Express (US), Hypex direct (EU)",researched,"Stands upright on the back, flush in a 4.5 mm rebate on 3 mm EPDM tape, module in its own sealed box (fab/out-bookshelf/drawings sheet 4; fab/out-bookshelf/dsp/bookshelf.md)."
Drivers,"Woofer: Dayton Audio RSS315HF-4, 12 in Reference HF, aluminium cone, 4 ohm",floorstander,2,239.98,Parts Express,researched,"Cutout 282, frame 314, depth 146 (fab/research/drivers-floorstander.md). Confirm the cutout and the flange on the part before cutting the baffle."
Drivers,"Mid: SB Acoustics Satori MR16P-8, 6.5 in papyrus cone",floorstander,2,about 207 (EUR 180-190),"Madisound, Willys Hi-Fi, Soundimports",researched,"Cutout 140.3, frame 165, depth 75.6, in the 7.6 L sealed chamber."
Drivers,"Tweeter: SB Acoustics Satori TW29DN-B, 29 mm dome, 4 ohm, faceplate removed (SB documents it)",floorstander,2,about 165 (EUR 150),"Willys Hi-Fi, Masori, Madisound",researched,Rear-mounted on the waveguide insert. Buy one first and measure its diaphragm and body: the insert's counterbore and the waveguide's r0 22.5 are drawn from the research's estimates.
Drivers,"Woofer: SB Acoustics SB17NRX2C35-8, 6.5 in Norex paper cone",bookshelf,2,76.70,"Madisound, Solen",researched,"Cutout 144.9 (unconfirmed), frame 171, depth 75, sealed 9.2 L net with a DSP shelf to 45 Hz."
Drivers,"Tweeter: Scan-Speak Illuminator D3004/602200, 26 mm dome, 62 mm faceplate",bookshelf,2,about 165 (CAD 222.71),"Solen, Madisound (order), Scan-Speak dealers",researched,Its faceplate screws to the insert's back (3 screws). Fs 440 Hz; crossed at 2.4 kHz (the bookshelf's waveguide study).
Wiring,"Speaker cable, round-sheathed (H05VV-F): 2 x 2.5 mm2 for the woofer, 2 x 1.5 for the mid, 2 x 1.0 for the tweeter",both,about 3 m each size,1-3 per m,any electrical supplier,estimate,"Round, about 9.0, 8.0 and 6.4 across, so the gland's seal grips it (zip cord will not seal). Runs and lengths: drawings sheet 4."
Wiring,"Two-pole locking wire-to-wire connector, 7 A or more (JST VH or Molex Mini-Fit Jr.), housings and crimps",both,2 pairs,about 3,"Digi-Key, Mouser",estimate,"The tweeter's lead plugs into the cabinet's lead in the connector bay behind the insert, so the insert comes out with the tweeter (drawings sheet 3)."
Wiring,Neutral-cure silicone sealant (a small tube),both,1,about 8,any,estimate,"Seals the tweeter cable in its channel, 20 mm deep from the bay (sheet 3), and holds the trim rings on three dots each."
Wiring,"Cable gland with a multi-hole seal: M25 three-hole (floorstander), M20 two-hole (bookshelf)",both,2,about 5,"Lapp, Wiska, Amazon",estimate,In the amplifier box's lid: the drivers' leads leave the sealed box here.
Hardware,"Neodymium disc magnets N42: 12 x 4 mm (floorstander), 8 x 3 mm (bookshelf)",both,16 (8 per speaker),about 0.5,"K&J Magnetics, first4magnets",estimate,"Four in the insert's back and four facing them in the pocket's back wall, opposite poles out; epoxy."
Hardware,"Steel dowel pins: 6 x 10 mm (floorstander), 4 x 8 mm (bookshelf)",both,4,under 1,"McMaster-Carr, any",estimate,"Two in the insert's back locate it in the pocket: bonded with epoxy in the insert (0.1 over), a slip fit in the pocket's wall (0.2 over)."
Hardware,"Tweeter fixings: floorstander, 3 x 3.0 x 12 thread-forming screws for plastics (WN 1411 / PT K30, pan head) for the retaining sleeve; bookshelf, 3 x M2.5 x 8 button heads (ISO 7380, A2) into M2.5 x 4 knurled brass inserts bonded with epoxy",both,6 screws (floorstander); 6 screws and 6 inserts (bookshelf),under 1,any,estimate,Floorstander: into ø2.4 x 10 pilots on ø79.6 in the boss's back face. Bookshelf: inserts in ø3.6 x 5 holes on ø54 in the seat; heat-set inserts will not melt into cured resin. Measure the tweeters first (sheet 3).
Hardware,"Gaskets: 0.5 mm closed-cell foam (tweeter); 1.5 mm closed-cell foam strip, 1.0 compressed (woofer and mid flanges)",both,1 sheet and 2 m,10,any,estimate,"The tweeter's under its flange at the throat's seat; the drivers' under their flanges in the rebates, which allow 1.0 for it."
Hardware,"Driver fixings: M4 T-nuts and M4 x 20 button-head screws (low head, 1.6 or under)",both,"12 a speaker (floorstander), 4 (bookshelf)",10-20,any,estimate,"Woofers and mids into the baffle on their bolt circles (sheet 1, measure each frame first), under the trim rings."
Wood,"Baltic birch plywood 18 mm, 5 x 5 ft sheet (B/BB)",both,"3 (floorstander), 1 (bookshelf)",90-154,"plywood dealer, Rockler, MakerStock",estimate,Nesting: fab/out/dxf/sheets.svg (floorstander); the bookshelf's panels fit one sheet. Measure the real thickness before CNC work.
Wood,CNC cutting of the panels (2D profiles and pockets),both,1 job each size,"300-700 (floorstander), 150-300 (bookshelf)","local CNC cabinet or sign shop, makerspace ShopBot",estimate,Layers in each DXF name the operation. No instant online service cuts 18 mm plywood.
Wood,"Gable, route A: laminated birch block, CNC-milled from the front for the insert's pocket",both,2,400-1200 each,local CNC millwork or pattern shop,estimate,"fab/out/step/gable-block.step. The pocket is a prism along y, so it mills from the front face with the block on its back."
Wood,"Gable, route B: 3D-printed (PETG or ASA), filled and painted",both,2,60-80 filament each,"makerspace printer, Craftcloud",estimate,"fab/out/stl/gable-print/ (four pieces, floorstander) or one piece (bookshelf)."
Wood,"Wood glue (Titebond II or III), 10 mm fluted dowels x 28 mm for the gable",both,"1 bottle, 8 dowels",10,any,estimate,The holes are 10 deep in the top panel and 20 in the block.
Printed,"Waveguide insert: SLA resin (tough), MJF nylon, or CNC from solid",both,2,40-150 each via a service,"JLCPCB 3D, Craftcloud, Xometry",estimate,"fab/out/stl/waveguide-insert.stl (and -left/-right halves when it is wider than 250). The waveguide's walls are acoustic surfaces: print fine (0.1 mm layers or finer), fill and sand smooth, prime and paint with the gable."
Printed,"Driver trim rings, PETG or ASA, sprayed satin black",both,"4 (floorstander), 2 (bookshelf)",5-10 each,printer,estimate,"stl/trim-ring-*.stl: outside the rebate - 1.6, inside the surround at its glue line + 2 (PLACEHOLDER: measure the drivers and print last), a channel 10 x 2 in the back over the screw heads; held by three dots of neutral-cure silicone."
Printed,"Port: tube with flange and flare collar, PETG or ASA",floorstander,2 sets,10-20,printer,estimate,"stl/port-tube-with-flange.stl is printed 10 mm long: push in dry, collar on from inside, measure the impedance dip, trim the inner end to 32 Hz, then bond (fab/README.md step 9)."
Damping,Acoustic damping: polyester or wool fill; felt,both,as needed,20-40,"Parts Express, any",estimate,Lightly fill the woofer chamber; line the mid chamber (floorstander); keep the amplifier's box clear.
Finish,"2K high-build primer, colour coats in the flavour's colours, 2K clear",both,1 kit,"150-300 DIY; 800-2,500 a body shop for a pair",auto-paint supplier or body shop,estimate,RAL 9016 or 9003 white; RAL 3028 for Whole's red. Approve a sprayed card.
Finish,Nutrition Facts print under the clear: water-slide decal (one-off) or a screen print in 2K ink,both,2,10-60,laser decal paper; screen printer,estimate,"fab/out/marks/facts-print.pdf (floorstander, on the back); fab/out-bookshelf/marks/facts-print.pdf (bookshelf, on the right side)."
Finish,"Paint stencils (Oramask 813): OPEN OTHER SIDE, SHAKE WELL",both,2 sets,10-25,sign shop or a Cricut,estimate,fab/out/marks/stencil-*.svg
Metal,"Cast-letter wordmark, 1.5 mm sheet, stainless or aluminium, polished",both,4 sets of 8 pieces,30-80 a set,"SendCutSend, OSHCut, Xometry",estimate,fab/out/metal/wordmark-letters.dxf. The i's dot is under some services' minimum part size.
Metal,Letter mounting: epoxy (3M DP420 or Devcon),both,1,20,any,estimate,1:1 placing templates: fab/out/metal/wordmark-template-*.pdf
Tools,"Measurement: miniDSP UMIK-1 microphone, REW (free); optional Dayton DATS V3",both,1 each,about 110 + 100,"Parts Express, miniDSP",researched,"For the DSP's levels, delays and EQ after the first power-up (fab/out/dsp/)."
Hardware,"Ribbon pull loop for the insert (grosgrain, 10 mm)",both,2,under 1,any,estimate,Glued in the 12 x 1.5 groove under the insert's front edge; the insert pulls out against its magnets.
Hardware,"Hypex Fusion mounting screws, 4.3 x 16 self-tapping, and 3 mm closed-cell EPDM tape",both,"10 screws a speaker, 2 m tape",10,"Hypex, any",estimate,"The plate on the tape, compressed to 1.5, flush in its 4.5 mm rebate; screws in ø3.5 pilot holes, 25 deep, to Hypex's drawing."
Printed,"Tweeter retaining sleeve (floorstander), MJF nylon or SLA tough resin",floorstander,2,5-20 via a service,"JLCPCB 3D, Craftcloud",estimate,"fab/out/stl/tweeter-retainer.stl: bore = the TW29DN-B's motor + 1 (measure it), presses the front ring onto the throat's seat; three screws into the boss."
Hardware,"Steel dowel pins 3 x 16 (the floorstander insert's halves), 4 x 20 (the printed gable's joints)",floorstander,4 and 24,under 1,"McMaster-Carr, any",estimate,"Bonded with epoxy; the holes are in the STLs (4.2 x 10 each side of each gable joint, 3.2 x 16 across the insert's split)."
Electronics,USB mini-B cable,both,1,about 5,any,estimate,For Hypex Filter Design; Hypex does not supply one (fab/research/amps.md).
