part,qty per set,width mm,height mm,thickness mm,material,through cuts,pockets (depth mm),underside pockets (depth mm),not in the 2D file
left,2,460.0,760.0,18,baltic-birch,0,,,
right,2,460.0,760.0,18,baltic-birch,0,,,
top,2,484.0,460.0,18,baltic-birch,1,,,
bottom,2,484.0,460.0,18,baltic-birch,0,,,
baffle,2,484.0,724.0,18,baltic-birch,11,5 11,,
back,2,484.0,724.0,18,baltic-birch,1,4.5,,
brace,2,484.0,424.0,18,baltic-birch,1,,,
saddle-1,2,300.0,210.5,18,baltic-birch,0,,,
saddle-2,2,150.0,210.5,18,baltic-birch,0,,,
